stage_order	producer_module	consumer_module	producer_identity	consumer_required_identity	producer_claim_ceiling	consumer_required_claim_ceiling	compatibility	blocker	decision
1	composite_evidence_packet_builder_lite_v1	multi_signal_evidence_fusion_lite_v1	packet_id	packet_id	composite_candidate_only	composite_candidate_only	PARTIAL_PASS	upstream_packet_failure_not_propagated	P0_FIX_REQUIRED
2	multi_signal_evidence_fusion_lite_v1	composite_argument_builder_lite_v1	fusion_id	fusion_id	fusion_relation_candidate_only	fusion_relation_candidate_only	PASS_WITH_RISK	nested_forbidden_scan_not_uniform	P0_FIX_REQUIRED
3	composite_argument_builder_lite_v1	defeasible_argument_router_lite_v1	argument_id	argument_id	argument_candidate_only	argument_candidate_only	PARTIAL_PASS	canonical_route_contract_not_declared	P0_CONTRACT_REQUIRED
4	defeasible_argument_router_lite_v1	evidence_graph_engine_lite_v1	routed_argument_candidate	argument_candidate	defeasible_argument_candidate_only	argument_candidate_only	BLOCKED_BY_CONTRACT	claim_ceiling_and_payload_adapter_required	P0_CONTRACT_REQUIRED
5	evidence_graph_engine_lite_v1	evidence_lens_matrix_lite_v1	graph_id	graph_id	evidence_graph_candidate_only	evidence_graph_candidate_only	PASS		READY
6	evidence_graph_engine_lite_v1	safe_argument_router_tr_lite_v1	graph_id	graph_id	evidence_graph_candidate_only	evidence_graph_candidate_only	PASS_WITH_RISK	no_end_to_end_fixture	P1_FIXTURE_REQUIRED
7	safe_argument_router_tr_lite_v1	analyst_report_block_composer_lite_v1	safe_sentence_id	safe_sentence_id	safe_sentence_candidate_only	safe_sentence_candidate_only	PASS		READY
8	analyst_report_block_composer_lite_v1	report_output_contract_lite_v1	report_block_id	report_block_id	analyst_report_block_candidate_only	analyst_report_block_candidate_only	PASS		READY
9	report_output_contract_lite_v1	final_report_assembly_gate_lite_v1	contract_item_id	contract_item_id	report_output_contract_candidate_only	report_output_contract_candidate_only	PASS_WITH_RISK	no_end_to_end_fixture	P1_FIXTURE_REQUIRED
